Standard position,A,G,I,L,M,V
50,0.03,0,0.16,0.2,0.01,0.44
52,0.06,0.01,0.22,0.22,0.01,0.29
58,0.28,0,0.24,0.04,0.03,0.24
61,0.15,0,0.26,0.07,0.03,0.33
86,0,0,0.27,0.39,0.07,0.14
112,0.01,0.01,0.1,0.43,0.16,0.16
153,0.06,0.02,0.58,0.1,0.05,0.09
220,0.02,0,0.47,0.11,0.04,0.26
234,0.02,0,0.23,0.42,0.07,0.14
238,0.01,0,0.18,0.62,0.1,0.03
254,0.02,0,0.43,0.32,0.06,0.13
264,0.74,0.14,0,0,0,0.01
265,0.09,0.86,0,0,0,0
273,0.03,0,0.15,0.52,0.11,0.08
277,0.02,0,0.11,0.43,0.18,0.07
280,0,0,0.05,0.76,0.14,0.03
281,0.3,0.05,0.09,0.21,0.08,0.09
290,0.24,0,0.1,0.33,0.01,0.25
294,0.02,0,0.41,0.22,0.03,0.25
311,0.01,0,0.01,0.56,0.37,0.01
318,0.02,0,0.49,0.2,0.03,0.22
328,0.22,0.07,0.11,0.12,0,0.36
347,0,0,0.57,0.14,0.01,0.25
353,0.02,0,0.24,0.16,0.01,0.52
360,0.05,0,0.29,0.24,0.12,0.18
391,0.02,0,0.21,0.33,0.15,0.1
396,0,0.99,0,0,0,0
402,0.03,0.95,0,0,0,0
406,0.74,0.19,0,0,0,0.02
410,0.12,0,0.11,0.28,0.19,0.17
414,0.04,0,0.11,0.53,0.05,0.11
417,0,0,0.21,0.51,0.06,0.09
418,0.03,0,0.1,0.61,0.03,0.18
