standard position,amino acid,2c19 position,,standard position,,2A6 position,,standard position,p450cam position,
0.1,M,1,,0.1,M,1,,1,T,
0.2,D,2,,0.2,S,2,,2,T,
0.3,P,3,,0.3,C,3,,3,E,
0.4,F,4,,0.4,F,4,,4,T,
0.5,V,5,,0.5,F,5,,5,I,
0.6,V,6,,0.6,P,6,,6,Q,
0.7,L,7,,0.7,E,7,,7,S,
0.8,V,8,,0.8,S,8,,8,N,
0.9,L,9,,0.9,L,9,,9,A,
0.1,C,10,,0.1,W,10,,10,N,
0.11,L,11,,0.11,T,11,,11,L,
0.12,S,12,,0.12,I,12,,12,A,
0.13,C,13,,0.13,R,13,,13,P,
0.14,L,14,,0.14,T,14,,14,L,
0.15,L,15,,0.15,S,15,,15,P,
0.16,L,16,,0.16,L,16,,16,P,
0.17,L,17,,0.17,S,17,,17,H,
0.18,S,18,,0.18,N,18,,18,V,
0.19,I,19,,0.19,Q,19,,19,P,
0.2,W,20,,0.2,T,20,,20,E,
0.21,R,21,,0.21,W,21,,21,H,
0.22,Q,22,,0.22,L,22,,22,L,
0.23,S,23,,0.23,L,23,,23,V,
0.24,S,24,,0.24,L,24,,24,F,
0.25,G,25,,0.25,F,25,,25,D,
1,R,26,,0.26,T,26,,26,F,
2,G,27,,0.27,F,27,,27,D,
3,K,28,,0.28,L,28,,28,M,
4,L,29,,0.29,F,29,,29,Y,
5,P,30,,0.3,L,30,,30,N,
6,P,31,,0.31,L,31,,31,P,
7,G,32,,0.32,G,32,,32,S,
8,P,33,,0.33,W,33,,33,N,
9,T,34,,0.34,Y,34,,34,L,
10,P,35,,0.35,S,35,,35,S,
11,L,36,,0.36,I,36,,36,A,
12,P,37,,0.37,L,37,,37,G,
13,V,38,,0.38,P,38,,38,V,
14,I,39,,0.39,Y,39,,39,Q,
15,G,40,,0.4,R,40,,40,E,
16,N,41,,0.41,F,41,,41,A,
17,I,42,,0.42,F,42,,42,W,
18,L,43,,0.43,K,43,,43,A,
19,Q,44,,0.44,R,44,,44,V,
19.1,I,45,,1,L,45,,45,L,
20,D,46,,2,G,46,,46,Q,
21,I,47,,5,I,47,,47,E,
22,K,48,,6,P,48,,48,S,
24,D,49,,7,G,49,,49,N,
25,V,50,,8,P,50,,50,V,
26,S,51,,9,T,51,,51,P,
27,K,52,,10,P,52,,52,D,
28,S,53,,11,L,53,,53,L,
29,L,54,,12,P,54,,54,V,
30,T,55,,13,F,55,,55,W,
31,N,56,,14,I,56,,56,T,
32,L,57,,15,G,57,,57,R,
33,S,58,,16,T,58,,58,C,
34,K,59,,17,F,59,,59,N,
35,I,60,,18,L,60,,60,G,
36,Y,61,,19,G,61,,61,G,
37,G,62,,20,Y,62,,62,H,
38,P,63,,21,R,63,,63,W,
39,V,64,,22,K,64,,64,I,
40,F,65,,24,G,65,,65,A,
41,T,66,,25,F,66,,66,T,
42,L,67,,26,F,67,,67,R,
43,Y,68,,27,G,68,,68,G,
44,F,69,,28,F,69,,69,Q,
45,G,70,,29,D,70,,70,L,
46,L,71,,30,M,71,,71,I,
47,E,72,,31,E,72,,72,R,
48,R,73,,32,C,73,,73,E,
49,M,74,,33,Y,74,,74,A,
50,V,75,,34,K,75,,75,Y,
51,V,76,,35,K,76,,76,E,
52,L,77,,36,Y,77,,77,D,
53,H,78,,37,G,78,,78,Y,
54,G,79,,38,K,79,,79,R,
55,Y,80,,39,I,80,,80,H,
56,E,81,,40,W,81,,81,F,
57,V,82,,41,G,82,,82,S,
58,V,83,,42,I,83,,83,S,
59,K,84,,43,Y,84,,84,E,
60,E,85,,44,D,85,,85,C,
61,A,86,,45,G,86,,86,P,
62,L,87,,46,R,87,,87,F,
62.1,I,88,,47,Q,88,,88,I,
63,D,89,,48,P,89,,89,P,
63.1,L,90,,49,L,90,,90,R,
64,G,91,,50,L,91,,91,E,
65,E,92,,51,S,92,,92,A,
66,E,93,,52,V,93,,93,G,
67,F,94,,53,M,94,,94,E,
68,S,95,,54,D,95,,95,A,
69,G,96,,55,T,96,,96,Y,
70,R,97,,56,N,97,,97,D,
71,G,98,,57,M,98,,98,F,
73,H,99,,58,I,99,,99,I,
75,F,100,,59,K,100,,100,P,
76,P,101,,60,T,101,,101,T,
77,L,102,,61,I,102,,102,S,
78,A,103,,62,L,103,,103,M,
79,E,104,,62.1,V,104,,104,D,
80,R,105,,63,K,105,,105,P,
81,A,106,,63.1,E,106,,106,P,
82,N,107,,64,C,107,,107,E,
83,R,108,,65,Y,108,,108,Q,
83.1,G,109,,66,S,109,,109,R,
84,F,110,,67,F,110,,110,Q,
85,G,111,,67.1,F,111,,111,F,
86,I,112,,68,T,112,,112,R,
87,V,113,,69,N,113,,113,A,
88,F,114,,70,R,114,,114,L,
89,S,115,,71,Q,115,,115,A,
90,N,116,,73,G,116,,116,N,
92,G,117,,75,F,117,,117,Q,
94,K,118,,77,G,118,,118,V,
95,R,119,,78,L,119,,119,V,
96,W,120,,79,N,120,,120,G,
97,K,121,,80,G,121,,121,M,
98,E,122,,81,P,122,,122,P,
99,I,123,,82,F,123,,123,V,
100,R,124,,83,K,124,,124,V,
101,R,125,,84,D,125,,125,D,
102,F,126,,85,S,126,,126,K,
103,S,127,,86,I,127,,127,L,
104,L,128,,87,L,128,,128,E,
105,M,129,,88,I,129,,129,N,
106,T,130,,89,A,130,,130,R,
107,L,131,,90,R,131,,131,I,
108,R,132,,92,D,132,,132,Q,
110,N,133,,94,E,133,,133,E,
111,F,134,,95,N,134,,134,L,
111.5,G,135,,96,W,135,,135,A,
112,M,136,,97,K,136,,136,C,
112.1,G,137,,98,R,137,,137,S,
112.9,K,138,,99,I,138,,138,L,
113,R,139,,100,R,139,,139,I,
114,S,140,,101,S,140,,140,E,
115,I,141,,102,V,141,,141,S,
116,E,142,,103,L,142,,142,L,
117,D,143,,104,S,143,,143,R,
118,R,144,,105,P,144,,144,P,
119,V,145,,106,T,145,,145,Q,
120,Q,146,,107,F,146,,146,G,
121,E,147,,108,T,147,,147,Q,
122,E,148,,109,S,148,,148,C,
123,A,149,,110,G,149,,149,N,
124,R,150,,111,R,150,,150,F,
125,C,151,,112,L,151,,151,T,
126,L,152,,113,K,152,,152,E,
127,V,153,,114,E,153,,153,D,
128,E,154,,115,M,154,,154,Y,
129,E,155,,116,L,155,,155,A,
130,L,156,,117,P,156,,156,E,
131,R,157,,118,I,157,,157,P,
132,K,158,,119,V,158,,158,F,
133,T,159,,120,R,159,,159,P,
134,K,160,,121,R,160,,160,I,
135,A,161,,122,Y,161,,161,R,
137,S,162,,123,A,162,,162,I,
138,P,163,,124,E,163,,163,F,
139,C,164,,125,T,164,,164,M,
140,D,165,,126,L,165,,165,L,
141,P,166,,127,V,166,,166,L,
142,T,167,,128,K,167,,167,A,
143,F,168,,129,N,168,,168,G,
144,I,169,,130,V,169,,169,L,
145,L,170,,131,E,170,,170,P,
146,G,171,,132,K,171,,171,E,
147,C,172,,133,K,172,,172,E,
148,A,173,,134,A,173,,173,D,
149,P,174,,135,K,174,,174,I,
150,C,175,,135.2,K,175,,175,P,
151,N,176,,136,N,176,,176,H,
152,V,177,,137,E,177,,177,L,
153,I,178,,138,S,178,,178,K,
154,C,179,,139,I,179,,179,Y,
155,S,180,,140,A,180,,180,L,
156,I,181,,141,L,181,,181,T,
157,I,182,,142,K,182,,182,D,
158,F,183,,143,D,183,,183,Q,
159,Q,184,,144,I,184,,184,M,
160,K,185,,145,L,185,,185,T,
161,R,186,,146,G,186,,186,R,
162,F,187,,147,P,187,,187,P,
163,D,188,,148,Y,188,,188,D,
165,Y,189,,149,S,189,,189,G,
166,K,190,,150,M,190,,190,S,
167,D,191,,151,D,191,,191,M,
168,Q,192,,152,V,192,,192,T,
169,Q,193,,153,V,193,,193,F,
170,F,194,,154,T,194,,194,A,
171,L,195,,155,S,195,,195,E,
172,N,196,,156,T,196,,196,A,
173,L,197,,157,S,197,,197,K,
174,M,198,,158,F,198,,198,E,
175,E,199,,159,S,199,,199,A,
176,K,200,,160,V,200,,200,L,
177,L,201,,161,D,201,,201,Y,
178,N,202,,162,I,202,,202,D,
179,E,203,,163,D,203,,203,Y,
180,N,204,,165,S,204,,204,L,
181,I,205,,166,L,205,,205,I,
182,R,206,,167,N,206,,206,P,
183,I,207,,168,N,207,,207,I,
184,V,208,,169,P,208,,208,I,
185,S,209,,170,S,209,,209,E,
185.1,T,210,,171,D,210,,210,Q,
185.2,P,211,,172,P,211,,211,R,
186,W,212,,173,F,212,,212,R,
187,I,213,,174,V,213,,213,Q,
188,Q,214,,175,S,214,,214,K,
189,I,215,,176,N,215,,215,P,
190,C,216,,177,I,216,,216,G,
190.1,N,217,,178,N,217,,217,T,
191,N,218,,179,K,218,,218,D,
191.1,F,219,,180,M,219,,219,A,
191.4,P,220,,181,L,220,,220,I,
191.5,T,221,,182,K,221,,221,S,
192,I,222,,183,F,222,,222,I,
193,I,223,,184,S,223,,223,V,
194,D,224,,185,F,224,,224,A,
195,Y,225,,186,F,225,,225,N,
196,F,226,,187,S,226,,226,G,
199,P,227,,188,P,227,,227,Q,
200,G,228,,188.1,V,228,,228,V,
201,T,229,,188.3,F,229,,229,N,
202,H,230,,189,L,230,,230,G,
203,N,231,,190,I,231,,231,R,
204,K,232,,190.1,V,232,,232,P,
205,L,233,,191,I,233,,233,I,
206,L,234,,191.1,I,234,,234,T,
207,K,235,,191.4,F,235,,235,S,
208,N,236,,191.5,P,236,,236,D,
209,L,237,,192,F,237,,237,E,
210,A,238,,193,L,238,,238,A,
211,F,239,,194,I,239,,239,K,
212,M,240,,194.1,P,240,,240,R,
213,E,241,,195,I,241,,241,M,
214,S,242,,196,M,242,,242,C,
215,D,243,,199,D,243,,243,G,
216,I,244,,200,K,244,,244,L,
217,L,245,,201,L,245,,245,L,
218,E,246,,202,N,246,,246,L,
219,K,247,,203,I,247,,247,V,
220,V,248,,204,N,248,,248,G,
221,K,249,,205,F,249,,249,G,
222,E,250,,208,F,250,,250,L,
223,H,251,,209,P,251,,251,D,
224,Q,252,,210,N,252,,252,T,
225,E,253,,211,E,253,,253,V,
226,S,254,,212,V,254,,254,V,
226.1,M,255,,213,T,255,,255,N,
226.2,D,256,,214,D,256,,256,F,
227,I,257,,215,F,257,,257,L,
228,N,258,,216,F,258,,258,S,
229,N,259,,217,H,259,,259,F,
230,P,260,,218,K,260,,260,S,
231,R,261,,219,A,261,,261,M,
232,D,262,,220,V,262,,262,E,
233,F,263,,221,T,263,,263,F,
234,I,264,,222,H,264,,264,L,
235,D,265,,223,I,265,,265,A,
236,C,266,,224,K,266,,266,K,
237,F,267,,225,E,267,,267,S,
238,L,268,,226,N,268,,268,P,
239,I,269,,226.1,R,269,,269,E,
240,K,270,,226.2,K,270,,270,H,
241,M,271,,226.3,T,271,,271,R,
242,E,272,,226.6,T,272,,272,Q,
243,K,273,,227,R,273,,273,E,
244,E,274,,228,N,274,,274,L,
244.1,K,275,,229,D,275,,275,I,
244.5,Q,276,,230,R,276,,276,E,
245,N,277,,231,V,277,,277,R,
245.1,Q,278,,232,D,278,,278,P,
246,Q,279,,233,F,279,,279,E,
247,S,280,,234,L,280,,280,R,
248,E,281,,235,Q,281,,281,I,
249,F,282,,236,L,282,,282,P,
250,T,283,,237,M,283,,283,A,
251,I,284,,238,I,284,,284,A,
252,E,285,,239,D,285,,285,C,
253,N,286,,240,S,286,,286,E,
254,L,287,,241,Q,287,,287,E,
255,V,288,,242,T,288,,288,L,
256,I,289,,243,T,289,,289,L,
257,T,290,,244,E,290,,290,R,
258,A,291,,244.1,N,291,,291,R,
259,A,292,,244.2,N,292,,292,F,
260,D,293,,244.3,K,293,,293,S,
261,L,294,,244.4,E,294,,294,L,
262,L,295,,244.5,M,295,,295,V,
263,G,296,,244.6,Q,296,,296,A,
264,A,297,,244.7,N,297,,297,D,
265,G,298,,244.8,G,298,,298,G,
266,T,299,,244.9,V,299,,299,R,
267,E,300,,245,N,300,,300,I,
268,T,301,,245.1,S,301,,301,L,
269,T,302,,245.2,S,302,,302,T,
270,S,303,,245.3,S,303,,303,S,
271,T,304,,246,S,304,,304,D,
272,T,305,,247,K,305,,305,Y,
273,L,306,,248,A,306,,306,E,
274,R,307,,249,L,307,,307,F,
275,Y,308,,250,T,308,,308,H,
276,A,309,,251,D,309,,309,G,
277,L,310,,252,A,310,,310,V,
278,L,311,,253,E,311,,311,Q,
279,L,312,,254,I,312,,312,L,
280,L,313,,255,S,313,,313,K,
281,L,314,,256,A,314,,314,K,
282,K,315,,257,Q,315,,315,G,
283,H,316,,258,A,316,,316,D,
284,P,317,,259,L,317,,317,Q,
285,E,318,,260,I,318,,318,I,
286,V,319,,261,F,319,,319,L,
287,T,320,,262,I,320,,320,L,
288,A,321,,263,F,321,,321,P,
289,K,322,,264,A,322,,322,Q,
290,V,323,,265,G,323,,323,M,
291,Q,324,,266,Y,324,,324,L,
292,E,325,,267,E,325,,325,S,
293,E,326,,268,T,326,,326,G,
294,I,327,,269,T,327,,327,L,
295,E,328,,270,S,328,,328,D,meander
296,R,329,,271,N,329,,329,E,meander
297,V,330,,272,T,330,,330,R,meander
298,I,331,,273,L,331,,331,E,meander
299,G,332,,274,S,332,,332,N,meander
299.4,R,333,,275,H,333,,333,A,meander
300,N,334,,276,V,334,,334,C,meander
301,R,335,,277,S,335,,335,P,meander
302,S,336,,278,Y,336,,336,M,meander
303,P,337,,279,Y,337,,337,H,meander
304,C,338,,280,L,338,,338,V,meander
305,M,339,,281,A,339,,339,D,meander
306,Q,340,,282,T,340,,340,F,meander
307,D,341,,283,N,341,,341,S,meander
308,R,342,,284,P,342,,342,R,meander
309,G,343,,285,D,343,,343,Q,
310,H,344,,286,V,344,,344,K,
311,M,345,,287,Q,345,,345,V,
312,P,346,,288,T,346,,346,S,
313,Y,347,,289,K,347,,347,H,
314,T,348,,290,L,348,,348,T,
315,D,349,,291,Q,349,,349,T,
316,A,350,,292,Q,350,,350,F,
317,V,351,,293,E,351,,351,G,
318,V,352,,294,V,352,,352,H,
319,H,353,,295,D,353,,353,G,
320,E,354,,296,E,354,,354,S,
321,V,355,,297,T,355,,355,H,
322,Q,356,,298,F,356,,356,L,
323,R,357,,299,P,357,,357,C,
324,Y,358,,299.4,N,358,,358,L,
325,I,359,,300,K,359,,359,G,
326,D,360,,301,A,360,,360,Q,
327,L,361,,302,T,361,,361,H,
328,I,362,,303,P,362,,362,L,
329,P,363,,304,T,363,,363,A,
330,T,364,,305,Y,364,,364,R,
330.1,S,365,,306,D,365,,365,R,
331,L,366,,307,A,366,,366,E,
332,P,367,,308,V,367,,367,I,
333,H,368,,309,M,368,,368,I,
334,A,369,,310,Q,369,,369,V,
335,V,370,,311,M,370,,370,T,
336,T,371,,312,E,371,,371,L,
337,C,372,,313,Y,372,,372,K,
338,D,373,,314,M,373,,373,E,
339,V,374,,315,E,374,,374,W,
340,K,375,,316,M,375,,375,L,
341,F,376,,317,V,376,,376,T,
342,R,377,,318,I,377,,377,R,
344,N,378,,319,S,378,,378,I,
345,Y,379,,320,E,379,,379,P,
346,L,380,,321,T,380,,380,D,
347,I,381,,322,L,381,,381,F,
348,P,382,,323,R,382,,382,S,
349,K,383,,324,L,383,,383,I,
350,G,384,,325,I,384,,384,A,
351,T,385,,326,P,385,,385,P,
352,T,386,,327,P,386,,386,G,
353,I,387,,328,A,387,,387,A,
354,L,388,,329,P,388,,388,Q,
355,T,389,,330,R,389,,389,I,
356,S,390,,330.1,L,390,,390,Q,
357,L,391,,332,E,391,,391,H,
358,T,392,,333,R,392,,392,K,
359,S,393,,334,Q,393,,393,S,
360,V,394,,335,C,394,,394,G,
361,L,395,,336,K,395,,395,I,
362,H,396,,337,K,396,,396,V,
363,D,397,,338,D,397,,397,S,
364,N,398,,339,I,398,,398,G,
365,K,399,,340,Q,399,,399,V,
366,E,400,,341,I,400,,400,Q,
367,F,401,,342,N,401,,401,A,
368,P,402,,344,G,402,,402,L,
370,N,403,,345,V,403,,403,P,
371,P,404,,346,T,404,,404,L,
372,E,405,,347,I,405,,405,V,
373,M,406,,348,P,406,,406,W,
374,F,407,,349,K,407,,407,D,
375,D,408,,350,D,408,,408,P,
376,P,409,,351,T,409,,409,A,
377,R,410,,352,I,410,,410,T,
378,H,411,,353,V,411,,411,T,
379,F,412,,354,S,412,,412,K,
380,L,413,,355,I,413,,413,A,
381,D,414,,356,P,414,,414,V,
382,E,415,,357,A,415,,,,
383,G,416,,358,Y,416,,,,
383.1,G,417,,359,V,417,,,,
384,N,418,,360,L,418,,,,
385,F,419,,361,H,419,,,,
386,K,420,,362,R,420,,,,
386.1,K,421,,363,D,421,,,,
387,S,422,,364,P,422,,,,
388,N,423,,365,E,423,,,,
389,Y,424,,366,H,424,,,,
390,F,425,,367,W,425,,,,
391,M,426,,368,P,426,,,,
392,P,427,,370,E,427,,,,
393,F,428,,371,P,428,,,,
394,S,429,,372,E,429,,,,
395,A,430,,373,E,430,,,,
396,G,431,,374,F,431,,,,
397,K,432,,375,R,432,,,,
398,R,433,,376,P,433,,,,
399,I,434,,377,E,434,,,,
400,C,435,,378,R,435,,,,
401,V,436,,379,F,436,,,,
402,G,437,,380,T,437,,,,
403,E,438,,381,K,438,,,,
404,G,439,,382,E,439,,,,
405,L,440,,383,A,440,,,,
406,A,441,,383.1,R,441,,,,
407,R,442,,384,E,442,,,,
408,M,443,,385,A,443,,,,
409,E,444,,386,R,444,,,,
410,L,445,,386.1,D,445,,,,
411,F,446,,387,P,446,,,,
412,L,447,,388,Y,447,,,,
413,F,448,,389,V,448,,,,
414,L,449,,390,Y,449,,,,
415,T,450,,391,L,450,,,,
416,F,451,,392,P,451,,,,
417,I,452,,393,F,452,,,,
418,L,453,,394,G,453,,,,
419,Q,454,,395,L,454,,,,
420,N,455,,396,G,455,,,,
421,F,456,,397,P,456,,,,
422,N,457,,398,R,457,,,,
423,L,458,,399,N,458,,,,
424,K,459,,400,C,459,,,,
425,S,460,,401,I,460,,,,
426,L,461,,402,G,461,,,,
426.2,I,462,,403,M,462,,,,
427,D,463,,404,R,463,,,,
428,P,464,,405,F,464,,,,
428.2,K,465,,406,A,465,,,,
428.3,D,466,,407,Q,466,,,,
429,L,467,,408,M,467,,,,
430,D,468,,409,L,468,,,,
431,T,469,,410,M,469,,,,
432,T,470,,411,K,470,,,,
433,P,471,,412,V,471,,,,
434,V,472,,413,A,472,,,,
434.1,V,473,,414,L,473,,,,
435,N,474,,415,T,474,,,,
436,G,475,,416,Y,475,,,,
437,F,476,,417,M,476,,,,
438,A,477,,418,M,477,,,,
439,S,478,,419,Q,478,,,,
440,V,479,,420,N,479,,,,
441,P,480,,421,F,480,,,,
442,P,481,,422,T,481,,,,
443,F,482,,423,L,482,,,,
444,Y,483,,424,Q,483,,,,
445,Q,484,,425,P,484,,,,
446,L,485,,426,C,485,,,,
447,C,486,,427,K,486,,,,
448,F,487,,428,E,487,,,,
449,I,488,,428.2,T,488,,,,
450,P,489,,428.3,Q,489,,,,
452,V,490,,429,I,490,,,,
,,,,430,P,491,,,,
,,,,431,L,492,,,,
,,,,432,E,493,,,,
,,,,433,L,494,,,,
,,,,434,D,495,,,,
,,,,435,V,496,,,,
,,,,436,K,497,,,,
,,,,437,L,498,,,,
,,,,438,A,499,,,,
,,,,439,M,500,,,,
,,,,440,V,501,,,,
,,,,441,P,502,,,,
,,,,441.1,T,503,,,,
,,,,442,K,504,,,,
,,,,443,P,505,,,,
,,,,444,V,506,,,,
,,,,445,V,507,,,,
,,,,446,L,508,,,,
,,,,447,K,509,,,,
,,,,448,F,510,,,,
,,,,449,V,511,,,,
,,,,450,R,512,,,,
,,,,451,R,513,,,,
,,,,452,V,514,,,,
,,,,453,T,515,,,,
,,,,454,S,516,,,,
,,,,455,E,517,,,,
,,,,456,Q,518,,,,
,,,,457,E,519,,,,
,,,,458,E,520,,,,
