standard position,amino acid,2c19 position
0.1,M,1
0.2,D,2
0.3,P,3
0.4,F,4
0.5,V,5
0.6,V,6
0.7,L,7
0.8,V,8
0.9,L,9
0.1,C,10
0.11,L,11
0.12,S,12
0.13,C,13
0.14,L,14
0.15,L,15
0.16,L,16
0.17,L,17
0.18,S,18
0.19,I,19
0.2,W,20
0.21,R,21
0.22,Q,22
0.23,S,23
0.24,S,24
0.25,G,25
1,R,26
2,G,27
3,K,28
4,L,29
5,P,30
6,P,31
7,G,32
8,P,33
9,T,34
10,P,35
11,L,36
12,P,37
13,V,38
14,I,39
15,G,40
16,N,41
17,I,42
18,L,43
19,Q,44
19.1,I,45
20,D,46
21,I,47
22,K,48
24,D,49
25,V,50
26,S,51
27,K,52
28,S,53
29,L,54
30,T,55
31,N,56
32,L,57
33,S,58
34,K,59
35,I,60
36,Y,61
37,G,62
38,P,63
39,V,64
40,F,65
41,T,66
42,L,67
43,Y,68
44,F,69
45,G,70
46,L,71
47,E,72
48,R,73
49,M,74
50,V,75
51,V,76
52,L,77
53,H,78
54,G,79
55,Y,80
56,E,81
57,V,82
58,V,83
59,K,84
60,E,85
61,A,86
62,L,87
62.1,I,88
63,D,89
63.1,L,90
64,G,91
65,E,92
66,E,93
67,F,94
68,S,95
69,G,96
70,R,97
71,G,98
73,H,99
75,F,100
76,P,101
77,L,102
78,A,103
79,E,104
80,R,105
81,A,106
82,N,107
83,R,108
83.1,G,109
84,F,110
85,G,111
86,I,112
87,V,113
88,F,114
89,S,115
90,N,116
92,G,117
94,K,118
95,R,119
96,W,120
97,K,121
98,E,122
99,I,123
100,R,124
101,R,125
102,F,126
103,S,127
104,L,128
105,M,129
106,T,130
107,L,131
108,R,132
110,N,133
111,F,134
111.5,G,135
112,M,136
112.1,G,137
112.9,K,138
113,R,139
114,S,140
115,I,141
116,E,142
117,D,143
118,R,144
119,V,145
120,Q,146
121,E,147
122,E,148
123,A,149
124,R,150
125,C,151
126,L,152
127,V,153
128,E,154
129,E,155
130,L,156
131,R,157
132,K,158
133,T,159
134,K,160
135,A,161
137,S,162
138,P,163
139,C,164
140,D,165
141,P,166
142,T,167
143,F,168
144,I,169
145,L,170
146,G,171
147,C,172
148,A,173
149,P,174
150,C,175
151,N,176
152,V,177
153,I,178
154,C,179
155,S,180
156,I,181
157,I,182
158,F,183
159,Q,184
160,K,185
161,R,186
162,F,187
163,D,188
165,Y,189
166,K,190
167,D,191
168,Q,192
169,Q,193
170,F,194
171,L,195
172,N,196
173,L,197
174,M,198
175,E,199
176,K,200
177,L,201
178,N,202
179,E,203
180,N,204
181,I,205
182,R,206
183,I,207
184,V,208
185,S,209
185.1,T,210
185.2,P,211
186,W,212
187,I,213
188,Q,214
189,I,215
190,C,216
190.1,N,217
191,N,218
191.1,F,219
191.4,P,220
191.5,T,221
192,I,222
193,I,223
194,D,224
195,Y,225
196,F,226
199,P,227
200,G,228
201,T,229
202,H,230
203,N,231
204,K,232
205,L,233
206,L,234
207,K,235
208,N,236
209,L,237
210,A,238
211,F,239
212,M,240
213,E,241
214,S,242
215,D,243
216,I,244
217,L,245
218,E,246
219,K,247
220,V,248
221,K,249
222,E,250
223,H,251
224,Q,252
225,E,253
226,S,254
226.1,M,255
226.2,D,256
227,I,257
228,N,258
229,N,259
230,P,260
231,R,261
232,D,262
233,F,263
234,I,264
235,D,265
236,C,266
237,F,267
238,L,268
239,I,269
240,K,270
241,M,271
242,E,272
243,K,273
244,E,274
244.1,K,275
244.5,Q,276
245,N,277
245.1,Q,278
246,Q,279
247,S,280
248,E,281
249,F,282
250,T,283
251,I,284
252,E,285
253,N,286
254,L,287
255,V,288
256,I,289
257,T,290
258,A,291
259,A,292
260,D,293
261,L,294
262,L,295
263,G,296
264,A,297
265,G,298
266,T,299
267,E,300
268,T,301
269,T,302
270,S,303
271,T,304
272,T,305
273,L,306
274,R,307
275,Y,308
276,A,309
277,L,310
278,L,311
279,L,312
280,L,313
281,L,314
282,K,315
283,H,316
284,P,317
285,E,318
286,V,319
287,T,320
288,A,321
289,K,322
290,V,323
291,Q,324
292,E,325
293,E,326
294,I,327
295,E,328
296,R,329
297,V,330
298,I,331
299,G,332
299.4,R,333
300,N,334
301,R,335
302,S,336
303,P,337
304,C,338
305,M,339
306,Q,340
307,D,341
308,R,342
309,G,343
310,H,344
311,M,345
312,P,346
313,Y,347
314,T,348
315,D,349
316,A,350
317,V,351
318,V,352
319,H,353
320,E,354
321,V,355
322,Q,356
323,R,357
324,Y,358
325,I,359
326,D,360
327,L,361
328,I,362
329,P,363
330,T,364
330.1,S,365
331,L,366
332,P,367
333,H,368
334,A,369
335,V,370
336,T,371
337,C,372
338,D,373
339,V,374
340,K,375
341,F,376
342,R,377
344,N,378
345,Y,379
346,L,380
347,I,381
348,P,382
349,K,383
350,G,384
351,T,385
352,T,386
353,I,387
354,L,388
355,T,389
356,S,390
357,L,391
358,T,392
359,S,393
360,V,394
361,L,395
362,H,396
363,D,397
364,N,398
365,K,399
366,E,400
367,F,401
368,P,402
370,N,403
371,P,404
372,E,405
373,M,406
374,F,407
375,D,408
376,P,409
377,R,410
378,H,411
379,F,412
380,L,413
381,D,414
382,E,415
383,G,416
383.1,G,417
384,N,418
385,F,419
386,K,420
386.1,K,421
387,S,422
388,N,423
389,Y,424
390,F,425
391,M,426
392,P,427
393,F,428
394,S,429
395,A,430
396,G,431
397,K,432
398,R,433
399,I,434
400,C,435
401,V,436
402,G,437
403,E,438
404,G,439
405,L,440
406,A,441
407,R,442
408,M,443
409,E,444
410,L,445
411,F,446
412,L,447
413,F,448
414,L,449
415,T,450
416,F,451
417,I,452
418,L,453
419,Q,454
420,N,455
421,F,456
422,N,457
423,L,458
424,K,459
425,S,460
426,L,461
426.2,I,462
427,D,463
428,P,464
428.2,K,465
428.3,D,466
429,L,467
430,D,468
431,T,469
432,T,470
433,P,471
434,V,472
434.1,V,473
435,N,474
436,G,475
437,F,476
438,A,477
439,S,478
440,V,479
441,P,480
442,P,481
443,F,482
444,Y,483
445,Q,484
446,L,485
447,C,486
448,F,487
449,I,488
450,P,489
452,V,490
