,pos,ca_coord_2c19,ca_coord_2c9,dist
0,30,[ 8.882 62.339 47.956],[ 8.014 61.919 48.416],1.0683748722076416
1,31,[ 9.786 64.943 50.614],[ 9.698 64.685 50.431],0.32832640409469604
2,32,[ 9.783 68.68  49.992],[10.008 68.411 49.742],0.4306792914867401
3,33,[ 9.055 72.168 51.403],[ 9.568 71.805 51.421],0.6286976933479309
4,34,[ 5.603 72.517 52.947],[ 6.201 72.39  53.08 ],0.6256377696990967
5,35,[ 3.461 74.657 50.603],[ 4.228 74.872 50.942],0.8657005429267883
6,36,[ 1.507 77.676 51.826],[ 2.446 78.003 52.213],1.0669664144515991
7,37,[-2.292 77.894 51.183],[-1.382 78.218 52.092],1.3264092206954956
8,38,[-2.446 79.901 47.941],[-1.994 79.671 48.593],0.8260176777839661
9,39,[ 1.132 80.717 46.934],[ 1.465 80.736 47.272],0.4748629033565521
10,40,[ 2.284 77.119 47.287],[ 2.721 77.146 46.949],0.5531187057495117
11,41,[ 6.061 76.673 47.14 ],[ 6.507 76.838 47.182],0.47739437222480774
12,42,[ 6.508 79.927 45.211],[ 7.251 80.137 45.395],0.793728768825531
13,43,[ 8.523 81.487 48.054],[ 9.274 81.697 48.228],0.7989851236343384
14,44,[11.084 78.728 47.475],[11.721 78.77  48.05 ],0.8591617941856384
15,45,[11.647 79.683 43.84 ],[12.108 78.709 44.21 ],1.1393392086029053
16,46,[13.705 82.591 42.521],[11.189 82.188 43.096],2.61214280128479
17,47,[11.799 83.237 39.291],[10.602 83.431 39.626],1.258041501045227
18,48,[14.9   84.97  37.905],[14.245 84.111 38.551],1.2586593627929688
19,49,[16.444 81.502 37.665],[16.589 81.165 37.735],0.373487263917923
20,50,[14.057 78.596 38.277],[14.358 78.357 38.883],0.7176041603088379
21,51,[16.728 76.071 37.277],[16.84  75.661 37.76 ],0.6433720588684082
22,52,[19.235 77.206 39.91 ],[19.409 76.942 40.304],0.5051818490028381
23,53,[16.398 77.275 42.445],[16.754 76.777 43.03 ],0.8467374444007874
24,54,[15.693 73.566 41.97 ],[16.047 73.178 42.121],0.5464990735054016
25,55,[19.383 72.722 42.345],[19.725 72.219 42.493],0.6259997487068176
26,56,[19.646 74.533 45.679],[19.854 73.879 45.92 ],0.7273643612861633
27,57,[16.516 72.7   46.827],[16.663 72.091 46.95 ],0.6384443640708923
28,58,[18.077 69.35  45.923],[18.178 68.783 45.78 ],0.5934146642684937
29,59,[20.813 70.204 48.422],[21.033 69.397 48.245],0.8549724817276001
30,60,[18.128 69.642 51.057],[18.468 69.172 51.091],0.581082820892334
31,61,[15.556 67.108 49.853],[15.653 66.922 49.848],0.20983746647834778
32,62,[17.904 65.084 47.669],[17.723 64.55  47.732],0.5673466324806213
33,63,[17.606 64.035 43.979],[17.412 63.528 44.082],0.5525378584861755
34,64,[13.865 63.428 44.353],[13.585 63.064 44.199],0.4843689501285553
35,65,[11.472 65.889 45.993],[11.601 65.91  45.719],0.3035739064216614
36,66,[ 7.914 67.201 45.654],[ 8.054 67.268 45.647],0.15536454319953918
37,67,[ 6.738 70.758 44.967],[ 7.361 70.893 44.773],0.6663248538970947
38,68,[ 3.433 72.619 44.696],[ 4.191 72.975 44.76 ],0.8398764133453369
39,69,[ 2.58  75.432 42.285],[ 3.35  75.373 41.956],0.8394169807434082
40,70,[-0.966 76.655 41.771],[ 0.63  77.105 43.906],2.703319787979126
41,71,[-3.069 73.495 41.635],[-1.569 74.012 44.576],3.3416731357574463
42,72,[-0.197 71.472 40.187],[-0.111 71.661 41.863],1.6888132095336914
43,73,[ 1.839 69.051 42.289],[ 2.209 68.859 43.122],0.9314794540405273
44,74,[ 5.192 68.043 40.821],[ 5.362 68.443 40.999],0.4696655571460724
45,75,[ 8.177 65.786 41.44 ],[ 7.957 65.703 41.411],0.23691794276237488
46,76,[11.637 67.101 40.597],[11.459 67.063 40.446],0.23649318516254425
47,77,[14.288 64.659 39.399],[14.171 64.463 39.432],0.23063795268535614
48,78,[17.72  66.145 40.063],[17.722 65.849 39.824],0.38044556975364685
49,79,[20.95  64.308 39.325],[20.921 63.947 39.138],0.40759196877479553
50,80,[21.94  61.962 36.502],[21.85  61.683 36.203],0.41874057054519653
51,81,[21.149 58.877 38.592],[21.082 58.496 38.097],0.6282310485839844
52,82,[17.428 59.514 39.081],[17.447 59.418 38.884],0.2199707180261612
53,83,[17.11  61.104 35.637],[16.842 60.913 35.415],0.3969768285751343
54,84,[18.301 57.932 33.867],[18.287 57.82  33.735],0.17367751896381378
55,85,[16.494 55.524 36.223],[16.327 55.52  36.032],0.25374236702919006
56,86,[13.353 57.394 35.156],[13.042 57.29  35.151],0.3279663324356079
57,87,[13.67  58.537 31.545],[13.357 58.393 31.53 ],0.34486085176467896
58,88,[15.531 55.406 30.452],[15.216 55.255 30.338],0.36745280027389526
59,89,[14.978 52.342 32.653],[14.497 52.329 32.805],0.5046128034591675
60,90,[11.381 53.298 33.46 ],[10.862 53.224 33.442],0.5245571136474609
61,91,[10.972 54.929 30.059],[10.658 54.801 29.973],0.34982383251190186
62,92,[ 7.362 53.915 29.402],[ 7.001 53.964 29.282],0.38356515765190125
63,93,[ 6.116 55.112 32.79 ],[ 5.893 54.969 32.775],0.26533442735671997
64,94,[ 7.768 58.511 32.319],[ 7.463 58.439 32.311],0.3134860694408417
65,95,[ 6.75  58.793 28.658],[ 6.501 58.917 28.637],0.2789592146873474
66,96,[ 3.795 61.013 29.512],[ 3.635 61.273 29.395],0.3269370496273041
67,97,[ 3.643 64.757 28.896],[ 3.749 64.983 28.634],0.36187657713890076
68,98,[ 3.273 67.061 31.88 ],[ 2.448 67.247 31.357],0.9943593740463257
69,99,[-4.7000e-02  6.8833e+01  3.2380e+01],[ 0.935 70.654 30.834],2.5827276706695557
70,100,[-0.143 71.992 30.27 ],[ 1.243 73.724 33.045],3.552666664123535
71,101,[-3.262 74.189 30.583],[-1.755 76.159 33.282],3.6655874252319336
72,102,[-1.883 76.426 27.836],[-0.546 78.667 30.684],3.8627371788024902
73,103,[-0.999 73.662 25.375],[4.4000e-02 7.6035e+01 2.7990e+01],3.682011365890503
74,104,[-4.272 71.801 25.931],[-3.311 74.416 28.689],3.9202418327331543
75,105,[-6.107 75.062 25.239],[-5.041 77.731 27.903],3.918781042098999
76,106,[-4.372 75.684 21.911],[-2.749 78.709 25.003],4.620090484619141
77,107,[-3.918 72.134 20.599],[-3.19  75.451 23.066],4.197441577911377
78,108,[-6.575 70.163 22.494],[-6.343 74.549 21.142],4.595512390136719
79,109,[-4.508 66.981 22.385],[-5.619 71.146 19.659],5.100257873535156
80,110,[-3.485 67.053 18.724],[-2.745 68.726 20.071],2.271766185760498
81,111,[ 0.128 67.386 17.623],[-0.137 67.458 17.591],0.2764647603034973
82,112,[ 3.303 65.726 18.884],[ 3.018 65.956 19.012],0.3879564106464386
83,113,[ 4.837 67.936 21.574],[ 4.576 68.181 21.678],0.37277770042419434
84,114,[ 1.756 67.746 23.81 ],[ 1.493 68.105 23.928],0.4604072570800781
85,115,[-0.122 64.622 22.705],[-0.236 64.903 22.857],0.33920517563819885
86,116,[-0.46  61.373 24.673],[-0.515 61.772 24.994],0.5150389075279236
87,117,[-1.599 57.758 24.58 ],[-1.635 58.153 24.542],0.3984537422657013
88,118,[-2.266 56.205 21.18 ],[-2.152 56.696 21.031],0.5256190896034241
89,119,[-2.403 59.659 19.6  ],[-2.446 60.156 19.475],0.5142769813537598
90,120,[ 1.175 60.407 20.664],[ 1.102 60.968 20.565],0.5743234753608704
91,121,[ 2.93  57.184 19.651],[ 2.448 57.388 20.048],0.6569254398345947
92,122,[ 0.99  57.458 16.388],[ 1.268 57.278 16.454],0.3376982510089874
93,123,[ 1.949 60.912 15.11 ],[ 1.965 60.788 15.25 ],0.1877025067806244
94,124,[ 5.382 60.538 16.727],[ 5.431 60.795 16.8  ],0.271622896194458
95,125,[ 6.273 57.391 14.772],[ 6.173 57.479 15.137],0.3885473310947418
96,126,[ 5.24  58.792 11.392],[ 4.975 58.855 11.805],0.4947352707386017
97,127,[ 7.131 62.009 12.137],[ 7.041 61.994 12.134],0.09129080176353455
98,128,[10.318 60.198 13.154],[10.348 60.243 12.856],0.3028680086135864
99,129,[10.414 58.15   9.925],[ 9.753 58.078  9.808],0.6751248240470886
100,130,[ 9.11  60.886  7.585],[ 9.472 61.119  7.586],0.43050360679626465
101,131,[11.976 63.006  8.938],[12.301 62.994  9.329],0.5085769295692444
102,132,[14.647 60.402  8.194],[14.867 60.315  8.442],0.342743456363678
103,133,[17.337 61.705  5.832],[17.395 61.563  5.905],0.1698756217956543
104,134,[15.444 60.035  2.971],[15.808 59.67   2.984],0.5156459808349609
105,135,[12.036 59.564  4.566],[12.353 59.343  4.48 ],0.39588624238967896
106,136,[10.139 61.912  2.252],[10.223 61.203  1.91 ],0.7916442155838013
107,137,[11.118 61.692 -1.403],[11.162 61.557 -1.718],0.3455236256122589
108,138,[14.199 61.555 -3.611],[14.271 61.975 -3.776],0.4569544494152069
109,139,[15.493 64.777 -2.058],[15.483 64.965 -1.718],0.3886418640613556
110,140,[17.336 64.174  1.215],[17.251 64.242  1.559],0.3608104884624481
111,141,[16.944 66.349  4.311],[17.007 66.207  4.768],0.4826817810535431
112,142,[20.609 67.349  4.185],[20.736 66.791  4.363],0.5993126630783081
113,143,[20.095 68.771  0.688],[20.368 68.404  0.999],0.5531207919120789
114,144,[17.732 71.351  2.173],[17.761 70.683  2.436],0.7184935212135315
115,145,[20.03  72.348  5.034],[20.12  71.699  5.259],0.6927688717842102
116,146,[22.935 72.487  2.577],[23.05  72.204  2.806],0.3817766010761261
117,147,[20.975 74.924  0.413],[20.954 74.447  0.517],0.4886622428894043
118,148,[19.983 77.044  3.403],[20.104 76.52   3.552],0.5580503940582275
119,149,[23.604 77.168  4.545],[23.755 76.66   4.641],0.538587212562561
120,150,[24.358 78.491  1.058],[24.936 78.329  1.413],0.6973898410797119
121,151,[21.798 81.258  1.51 ],[21.967 80.812  1.545],0.47823384404182434
122,152,[22.846 81.891  5.109],[22.81  81.573  5.148],0.32239967584609985
123,153,[26.391 82.567  3.919],[26.323 82.36   3.908],0.2181614190340042
124,154,[25.052 84.539  0.956],[25.06  84.496  1.017],0.07505948841571808
125,155,[23.196 86.848  3.338],[22.923 86.605  3.398],0.37037211656570435
126,156,[26.149 87.221  5.699],[25.786 87.048  5.83 ],0.42291972041130066
127,157,[28.184 88.613  2.803],[27.772 88.216  2.822],0.5724604725837708
128,158,[25.538 91.288  2.257],[25.152 90.908  2.281],0.5421950221061707
129,159,[26.399 92.701  5.685],[26.15  92.346  5.686],0.43361762166023254
130,160,[29.605 93.676  3.889],[29.292 93.797  4.028],0.36322101950645447
131,161,[31.661 92.939  7.015],[31.623 93.101  7.004],0.16675539314746857
132,162,[29.927 95.776  8.875],[29.832 95.657  9.15 ],0.3143428862094879
133,163,[28.919 95.373 12.551],[28.485 95.32  12.694],0.46001559495925903
134,164,[25.557 93.61  12.798],[25.249 93.392 12.905],0.392220675945282
135,165,[23.214 91.531 14.949],[22.941 91.575 15.282],0.43284380435943604
136,166,[23.059 87.869 13.793],[22.727 88.023 13.873],0.3746201694011688
137,167,[19.811 87.42  15.74 ],[19.504 87.248 15.787],0.35502347350120544
138,168,[17.603 87.844 12.658],[17.313 87.591 12.723],0.39029940962791443
139,169,[19.676 85.993 10.061],[19.434 85.958 10.005],0.2508485019207001
140,170,[20.419 83.081 12.398],[20.224 82.918 12.241],0.2987363636493683
141,171,[16.667 82.835 12.882],[16.523 82.786 13.128],0.2892273962497711
142,172,[15.554 82.753  9.255],[15.505 82.442  9.442],0.3661819398403168
143,173,[17.794 79.779  8.471],[17.735 79.499  8.508],0.2885296642780304
144,174,[16.433 77.32  11.079],[16.187 76.858 10.913],0.5491032600402832
145,175,[12.896 78.477 10.298],[12.654 78.107 10.238],0.446161687374115
146,176,[13.276 78.21   6.526],[13.362 77.743  6.512],0.47506183385849
147,177,[14.694 74.724  7.09 ],[14.573 74.163  6.913],0.6005728244781494
148,178,[11.465 73.493  8.676],[11.217 73.352  8.425],0.3799808919429779
149,179,[ 9.458 75.237  5.953],[ 9.5   75.323  5.586],0.37927404046058655
150,180,[11.263 73.306  3.216],[11.372 73.151  3.082],0.23208120465278625
151,181,[10.669 70.065  5.129],[10.601 69.946  4.996],0.19098393619060516
152,182,[ 6.951 70.749  5.564],[ 6.867 70.679  5.285],0.29966169595718384
153,183,[ 6.226 72.586  2.319],[ 6.375 72.443  1.897],0.46982279419898987
154,184,[ 7.31  71.874 -1.262],[ 9.186 70.893 -0.321],2.3167269229888916
155,185,[ 9.992 74.549 -0.851],[10.511 74.323 -1.067],0.6058841347694397
156,186,[11.532 77.335  1.238],[12.246 76.972  0.943],0.8535749316215515
157,187,[10.876 81.084  1.298],[11.311 80.636  0.602],0.9350630044937134
158,188,[12.973 84.07   0.273],[13.615 83.482 -0.286],1.0345947742462158
159,189,[14.027 86.058  3.336],[14.147 85.36   3.011],0.7792472243309021
160,190,[12.159 89.015  1.825],[12.296 88.41   1.56 ],0.674547016620636
161,191,[ 8.879 87.121  1.36 ],[ 9.231 86.364  0.553],1.161123514175415
162,192,[ 6.261 88.584  3.707],[ 6.36  87.853  2.542],1.3789093494415283
163,193,[ 4.644 85.231  4.495],[ 4.797 84.428  3.348],1.4084845781326294
164,194,[ 8.022 84.258  5.927],[ 8.067 83.688  5.125],0.9849511384963989
165,195,[ 8.362 87.453  7.964],[ 8.374 86.969  7.039],1.0440433025360107
166,196,[ 4.788 87.17   9.234],[ 4.803 86.601  8.451],0.9680264592170715
167,197,[ 5.477 83.573 10.254],[ 5.456 83.108  9.694],0.7281908988952637
168,198,[ 8.728 84.316 12.093],[ 8.74  84.435 11.095],1.0051409006118774
169,199,[ 7.392 87.521 13.633],[ 7.091 87.427 12.772],0.9169288277626038
170,200,[ 4.373 85.551 14.812],[ 4.429 85.163 14.273],0.6664847731590271
171,201,[ 6.641 82.765 16.074],[ 6.975 82.642 15.624],0.5737466216087341
172,202,[ 8.647 85.209 18.187],[ 9.241 85.287 17.18 ],1.1717376708984375
173,203,[ 5.621 86.813 19.838],[ 6.345 87.044 18.916],1.1948292255401611
174,204,[ 4.353 83.345 20.733],[ 5.39  83.768 20.568],1.1320419311523438
175,205,[ 7.677 82.344 22.267],[ 8.992 83.492 21.826],1.8004436492919922
176,206,[ 7.969 85.532 24.311],[ 8.86  87.064 23.266],2.0574123859405518
177,207,[ 4.457 85.037 25.665],[ 5.533 86.575 25.026],1.9828077554702759
178,208,[ 4.901 81.395 26.69 ],[ 6.795 83.215 26.324],2.6520919799804688
179,209,[ 8.277 82.161 28.287],[10.083 84.655 27.698],3.1350553035736084
180,210,[ 6.924 84.975 30.471],[ 8.443 87.289 29.952],2.8162622451782227
181,211,[ 6.584 84.355 34.237],[ 9.287 86.518 33.609],3.5183990001678467
182,212,[ 2.888 85.186 33.868],[ 5.697 86.75  34.719],3.3257765769958496
183,213,[ 2.276 82.296 31.472],[ 4.83  83.509 32.811],3.128453254699707
184,214,[ 4.098 79.992 33.882],[ 5.78  81.454 35.861],2.980440616607666
185,215,[ 1.698 81.083 36.622],[ 3.383 83.711 37.781],3.32999587059021
186,216,[-1.398 80.385 34.521],[ 0.575 82.182 35.745],2.9360008239746094
187,217,[-0.254 76.875 33.6  ],[ 1.647 78.609 36.542],3.9084436893463135
188,218,[-0.159 76.031 37.3  ],[ 1.73  79.411 40.243],4.86353874206543
189,219,[-3.112 78.187 38.364],[-1.598 81.307 40.302],3.9727139472961426
190,220,[-5.756 78.025 35.555],[-3.673 80.169 37.296],3.459291458129883
191,221,[-8.114 80.309 37.486],[-6.605 82.355 38.485],2.7315237522125244
192,222,[-6.276 83.595 36.946],[-4.635 85.263 37.004],2.3406124114990234
193,223,[-6.245 82.975 33.186],[-5.058 83.867 33.482],1.514015793800354
194,224,[-10.023  83.437  33.149],[-8.658 85.184 33.563],2.255357265472412
195,225,[-9.757 86.846 34.821],[-7.687 88.564 35.149],2.709984540939331
196,226,[-6.933 87.936 32.513],[-4.867 89.03  32.55 ],2.3380684852600098
197,227,[-7.386 86.086 29.173],[-5.83  87.125 29.388],1.8833177089691162
198,228,[-5.781 88.918 27.218],[-3.568 89.229 27.083],2.2388198375701904
199,229,[-2.314 87.387 26.921],[-1.003 86.423 27.212],1.6530901193618774
200,230,[-3.539 83.84  26.249],[-2.633 83.272 25.84 ],1.144872784614563
201,231,[-5.944 85.174 23.619],[-5.05  85.259 23.665],0.899208664894104
202,232,[-3.122 86.805 21.663],[-2.043 86.535 21.689],1.112571358680725
203,233,[-1.302 83.469 21.485],[-0.608 83.    21.636],0.8511165976524353
204,234,[-4.452 81.527 20.617],[-3.967 81.6   20.496],0.5051681995391846
205,235,[-5.087 84.096 17.892],[-4.33  84.205 17.789],0.7717119455337524
206,236,[-1.56  83.813 16.505],[-0.798 83.579 16.461],0.7983335256576538
207,237,[-1.79  80.022 16.394],[-1.133 79.843 16.426],0.6816995739936829
208,238,[-5.245 80.258 14.822],[-4.458 80.124 14.599],0.8288872838020325
209,239,[-3.992 82.474 11.992],[-2.882 82.452 12.034],1.1110122203826904
210,240,[-0.793 80.448 11.672],[-0.192 79.877 11.426],0.8647294640541077
211,241,[-2.777 77.211 11.429],[-2.758 77.058 11.346],0.17509709298610687
212,242,[-5.22  78.628  8.875],[-4.656 78.915  8.557],0.708230197429657
213,243,[-2.395 79.593  6.52 ],[-1.548 79.541  6.525],0.8486095666885376
214,244,[-1.066 76.061  6.966],[-0.622 75.898  6.725],0.5308335423469543
215,245,[-4.433 74.433  6.261],[-4.171 74.979  5.758],0.78725266456604
216,246,[-4.646 76.417  3.024],[-3.987 76.874  2.469],0.9752719402313232
217,247,[-1.314 75.085  1.788],[-0.685 75.097  1.941],0.6474519371986389
218,248,[-2.405 71.631  2.927],[-2.176 71.607  2.391],0.5833632349967957
219,249,[-5.256 72.116  0.465],[-4.911e+00  7.261e+01 -3.700e-02],0.784263014793396
220,250,[-3.011 73.293 -2.372],[-2.381 73.408 -2.791],0.7653007507324219
221,251,[-1.188 69.987 -1.9  ],[-0.931 70.001 -1.868],0.2593626379966736
222,252,[-4.216 67.678 -1.896],[-4.233 68.077 -1.95 ],0.40299832820892334
223,253,[-4.989 69.027 -5.366],[-4.649 69.493 -5.445],0.5822309255599976
224,254,[-1.567 68.424 -6.935],[-1.256 68.733 -7.041],0.45103970170021057
225,255,[-0.555 65.431 -4.801],[-0.501 65.706 -4.926],0.3068661689758301
226,256,[ 1.455 62.631 -6.418],[ 1.045 62.719 -6.638],0.47354429960250854
227,257,[ 0.761 59.452 -4.43 ],[ 0.512 59.546 -4.605],0.3185315728187561
228,258,[ 4.022 58.034 -5.798],[ 3.394 57.012 -4.969],1.4581177234649658
229,259,[ 6.174 61.157 -5.545],[ 5.598 60.148 -5.175],1.21932852268219
230,260,[ 5.92  62.927 -2.138],[ 5.464 62.165 -1.944],0.908961832523346
231,261,[ 7.323 66.465 -2.063],[ 7.971 64.991 -1.663],1.6590893268585205
232,262,[ 7.21  67.046  1.696],[ 7.358 66.553  1.796],0.5243560075759888
233,263,[ 5.788 66.215  5.13 ],[ 5.75  66.185  5.211],0.09436583518981934
234,264,[ 2.29  67.208  4.017],[ 2.329 67.335  4.089],0.15110832452774048
235,265,[ 2.325 64.877  1.008],[ 2.3   64.801  1.136],0.15094523131847382
236,266,[ 3.551 61.956  3.108],[ 3.2   61.87   3.437],0.48871102929115295
237,267,[ 0.923 62.649  5.769],[ 0.567 62.89   5.96 ],0.47042378783226013
238,268,[-1.752 63.084  3.098],[-2.106 63.275  3.259],0.43326517939567566
239,269,[-0.629 59.818  1.516],[-1.336 59.817  1.952],0.830629825592041
240,270,[-0.723 58.064  4.893],[-1.143 58.382  5.441],0.7601502537727356
241,271,[-4.338 59.213  5.196],[-4.764 59.606  5.689],0.7609023451805115
242,272,[-5.369 57.575  1.924],[-5.635 57.516  2.642],0.7679591774940491
243,273,[-3.926 54.336  3.312],[-4.083 54.323  4.063],0.7673455476760864
244,274,[-5.826 54.374  6.607],[-6.228 55.034  7.153],0.9462133646011353
245,275,[-8.991 55.532  4.849],[-9.407 56.363  5.477],1.1216044425964355
246,276,[-10.541  52.273   6.059],[-11.025  52.955   6.015],0.8374481201171875
247,277,[-10.659  52.726   9.843],[-10.599  52.121   9.739],0.6168023347854614
248,278,[-12.632  55.447  11.633],[-11.852  55.574  10.689],1.2311238050460815
249,279,[-9.926 55.359 14.306],[-11.59   56.257  14.378],1.892216682434082
250,280,[-7.159 56.724 12.077],[-8.244 57.736 13.051],1.7748374938964844
251,281,[-5.299 59.261 14.227],[-5.479 59.936 14.531],0.7618661522865295
252,282,[-4.172 60.786 10.927],[-4.368 61.527 11.211],0.817407488822937
253,283,[-6.5   63.685 10.108],[-6.675 64.311 10.079],0.6506431698799133
254,284,[-6.098 67.086  8.443],[-6.365 67.828  8.68 ],0.8234249353408813
255,285,[-6.593 68.626 11.884],[-6.713 69.187 12.229],0.6694347262382507
256,286,[-3.707 66.657 13.391],[-3.767 67.055 13.485],0.41333043575286865
257,287,[-1.506 67.621 10.44 ],[-1.551 67.852 10.512],0.2461053431034088
258,288,[-2.049 71.354 10.87 ],[-2.027 71.588 11.138],0.35646089911460876
259,289,[-1.268 71.095 14.583],[-1.199 70.901 14.794],0.29481837153434753
260,290,[ 1.709 68.78  14.065],[ 1.847 68.793 14.08 ],0.1394203156232834
261,291,[ 3.066 71.023 11.314],[ 2.987 71.395 11.595],0.4728441834449768
262,292,[ 2.736 73.962 13.699],[ 2.826 74.326 14.066],0.5246747136116028
263,293,[ 4.363 71.949 16.493],[ 4.695 72.219 16.636],0.45119327306747437
264,294,[ 7.504 71.152 14.506],[ 7.532 71.358 14.241],0.33681628108024597
265,295,[ 7.586 74.713 13.184],[ 7.842 75.101 13.449],0.535075306892395
266,296,[ 7.673 76.084 16.721],[ 7.825 76.058 17.117],0.42496582865715027
267,297,[ 9.864 73.289 18.055],[10.013 73.226 18.41 ],0.3901216387748718
268,298,[12.738 73.774 15.625],[12.275 73.477 15.343],0.6181463003158569
269,299,[13.009 77.536 15.144],[13.052 77.176 15.255],0.3791707754135132
270,300,[13.723 79.245 18.473],[13.624 78.843 18.645],0.4483186900615692
271,301,[15.624 76.227 19.812],[16.129 76.378 20.178],0.6417022943496704
272,302,[18.045 75.922 16.896],[18.268 75.841 17.057],0.2867220938205719
273,303,[18.156 79.683 16.302],[18.283 79.592 16.444],0.21112436056137085
274,304,[19.186 80.47  19.881],[19.437 80.404 19.949],0.2682924270629883
275,305,[21.891 77.794 19.908],[22.001 77.62  19.961],0.21256354451179504
276,306,[23.428 79.129 16.69 ],[23.567 79.065 16.824],0.20340129733085632
277,307,[23.529 82.711 17.953],[23.444 82.621 18.103],0.1944855898618698
278,308,[24.983 81.477 21.235],[25.071 81.435 21.339],0.1425618678331375
279,309,[27.572 79.338 19.447],[27.622 79.401 19.386],0.10094785690307617
280,310,[28.934 82.309 17.497],[28.835 82.497 17.549],0.21874763071537018
281,311,[29.031 84.453 20.635],[28.958 84.483 20.805],0.18742716312408447
282,312,[31.152 81.79  22.322],[31.238 81.871 22.341],0.11965888738632202
283,313,[33.404 81.631 19.264],[33.348 81.671 19.184],0.10552740842103958
284,314,[34.105 85.354 19.623],[33.919 85.432 19.575],0.20732730627059937
285,315,[35.043 84.928 23.278],[34.851 85.159 23.249],0.3017660975456238
286,316,[37.375 82.071 22.342],[37.242 82.235 22.579],0.31741929054260254
287,317,[39.34  82.833 19.147],[39.135 82.916 19.279],0.25756314396858215
288,318,[41.742 80.044 20.12 ],[41.747 80.189 19.99 ],0.19481152296066284
289,319,[38.907 77.541 19.708],[38.834 77.759 19.723],0.23038938641548157
290,320,[37.534 79.13  16.539],[37.666 79.366 16.501],0.27306413650512695
291,321,[40.953 79.025 14.87 ],[41.171 79.262 14.953],0.33253994584083557
292,322,[41.313 75.302 15.568],[41.341 75.555 15.843],0.3747232258319855
293,323,[37.901 74.443 14.13 ],[37.973 74.839 14.181],0.40570637583732605
294,324,[38.871 76.411 11.027],[39.142 76.632 11.018],0.3498046100139618
295,325,[42.069 74.365 10.775],[42.322 74.471 10.81 ],0.27653175592422485
296,326,[40.113 71.117 10.999],[40.058 71.387 10.759],0.3654137849807739
297,327,[37.711 72.429  8.36 ],[37.868 72.959  8.088],0.6160615682601929
298,328,[40.788 73.298  6.309],[40.818 73.769  5.744],0.7361840009689331
299,329,[42.223 69.802  6.744],[42.295 70.367  6.247],0.7559177875518799
300,330,[39.171 67.553  6.359],[39.21  68.179  5.964],0.7412294745445251
301,331,[37.272 69.827  3.955],[37.004 70.234  3.696],0.5518612265586853
302,332,[39.557 72.211  2.077],[38.594 72.657  1.341],1.2915011644363403
303,333,[38.728 75.095 -0.266],[37.792 76.272  0.877],1.888883352279663
304,334,[37.34  73.178 -3.26 ],[36.159 75.118 -2.373],2.4382596015930176
305,335,[34.366 71.752 -1.34 ],[33.302 72.629 -1.665],1.4166347980499268
306,336,[31.633 72.83   1.079],[30.66  72.794  0.999],0.9769464731216431
307,337,[31.177 70.753  4.273],[30.601 70.792  4.219],0.5798390507698059
308,338,[28.778 67.812  4.608],[28.492 67.721  4.617],0.3002612590789795
309,339,[27.59  65.507  7.396],[27.802 65.153  7.312],0.42109230160713196
310,340,[30.055 62.823  6.288],[30.466 62.634  6.298],0.4524848759174347
311,341,[32.874 65.123  7.4  ],[33.072 65.254  7.204],0.30786263942718506
312,342,[31.653 65.312 11.003],[32.104 65.252 10.844],0.48195645213127136
313,343,[32.98  61.862 11.853],[33.697 61.945 11.814],0.7228400111198425
314,344,[36.29  63.063 10.426],[37.035 63.401 10.568],0.8303205966949463
315,345,[36.376 66.311 12.412],[36.568 66.675 12.526],0.42703744769096375
316,346,[36.517 65.222 16.096],[36.623 65.825 16.27 ],0.6364885568618774
317,347,[37.31  68.701 17.431],[37.505 69.301 17.576],0.6473463773727417
318,348,[34.505 70.506 15.6  ],[34.53  70.824 15.731],0.34483370184898376
319,349,[32.025 67.935 16.899],[32.268 68.039 16.944],0.26812466979026794
320,350,[33.381 68.53  20.403],[33.494 68.867 20.454],0.35907864570617676
321,351,[32.769 72.281 20.251],[32.851 72.598 20.125],0.35084161162376404
322,352,[29.203 71.724 19.051],[29.265 71.895 18.928],0.2195757031440735
323,353,[28.543 69.406 21.997],[28.716 69.394 21.71 ],0.3353244960308075
324,354,[30.27  71.727 24.466],[30.156 71.84  24.28 ],0.24568361043930054
325,355,[28.195 74.676 23.255],[28.028 74.783 23.201],0.2055545598268509
326,356,[24.994 72.724 23.891],[24.9   72.707 23.724],0.1923898458480835
327,357,[26.163 71.415 27.269],[25.968 71.456 27.185],0.2162448763847351
328,358,[27.327 74.882 28.316],[27.294 74.775 28.508],0.2222660630941391
329,359,[24.343 77.013 27.294],[24.249 76.89  27.513],0.26819056272506714
330,360,[21.826 74.51  28.688],[21.607 74.468 28.917],0.3196341097354889
331,361,[19.078 75.858 26.434],[18.712 76.083 26.969],0.6861519813537598
332,362,[16.331 73.99  28.305],[16.001 73.816 28.405],0.38623130321502686
333,363,[17.323 73.717 32.01 ],[17.049 73.387 32.069],0.4329648017883301
334,364,[14.259 71.631 32.887],[13.951 71.282 32.87 ],0.4657822847366333
335,365,[13.405 70.163 29.474],[13.375 70.111 29.337],0.14957764744758606
336,366,[ 9.642 69.829 29.001],[ 9.594 70.009 28.897],0.21335454285144806
337,367,[ 7.122 68.765 31.669],[ 7.395 68.836 31.733],0.28925013542175293
338,368,[ 6.792 64.987 31.925],[ 6.802 65.127 31.796],0.19063252210617065
339,369,[ 4.253 62.775 33.679],[ 3.971 63.215 33.515],0.5477400422096252
340,370,[ 3.993 59.187 34.883],[ 3.582 59.608 34.679],0.6227187514305115
341,371,[ 1.539 57.183 32.777],[ 1.426 57.087 32.838],0.16032937169075012
342,372,[ 0.665 55.206 35.905],[ 0.059 55.348 35.975],0.6263381242752075
343,373,[ 1.581 54.618 39.546],[ 0.54  54.946 39.737],1.1080362796783447
344,374,[ 5.336 54.253 39.967],[ 4.151 53.869 40.268],1.2815157175064087
345,375,[ 7.388 53.235 42.994],[ 6.678 53.424 43.059],0.7375944256782532
346,376,[10.514 55.1   41.881],[ 9.883 55.242 42.208],0.7247439622879028
347,377,[12.281 54.797 45.225],[12.946 54.899 44.479],1.0045605897903442
348,378,[11.075 54.556 48.788],[10.378 53.615 46.979],2.1549384593963623
349,379,[ 8.542 57.08  47.531],[ 8.138 56.813 46.82 ],0.8602471947669983
350,380,[ 5.562 56.264 45.3  ],[ 4.72  56.131 45.144],0.8665958046913147
351,381,[ 4.516 58.598 42.483],[ 3.912 58.682 42.44 ],0.6113272905349731
352,382,[ 0.773 58.59  41.616],[ 0.291 58.728 41.28 ],0.603544294834137
353,383,[-0.47  58.199 38.039],[-0.85  58.672 37.624],0.7350879907608032
354,384,[-0.535 61.458 36.095],[-0.707 62.005 35.829],0.6321007609367371
355,385,[ 1.859 63.292 38.408],[ 1.552 63.644 38.405],0.4670790135860443
356,386,[ 3.874 66.006 36.653],[ 3.714 66.173 36.656],0.23129625618457794
357,387,[ 7.597 65.225 36.584],[ 7.492 65.486 36.556],0.2827204167842865
358,388,[10.249 67.922 36.127],[10.279 68.019 35.994],0.16732576489448547
359,389,[13.676 66.656 35.079],[13.467 66.407 34.672],0.5208927392959595
360,390,[16.62  68.985 35.677],[16.431 68.639 35.564],0.41013002395629883
361,391,[18.752 68.422 32.578],[18.541 68.5   32.423],0.2731854021549225
362,392,[20.935 71.167 34.05 ],[20.956 71.049 34.049],0.11985450237989426
363,393,[22.093 68.831 36.82 ],[21.944 68.582 36.705],0.31213271617889404
364,394,[23.173 66.331 34.168],[23.051 66.099 34.048],0.28828585147857666
365,395,[24.828 68.618 31.614],[24.644 68.62  31.608],0.18410876393318176
366,396,[26.617 70.481 34.416],[26.524 70.388 34.398],0.132750004529953
367,397,[27.776 67.531 36.521],[27.365 67.354 36.535],0.44771209359169006
368,398,[31.034 68.712 38.109],[30.399 68.355 38.58 ],0.8674745559692383
369,399,[32.165 65.079 37.979],[32.204 65.101 38.093],0.12247554212808609
370,400,[31.47  63.969 34.409],[31.749 64.293 34.404],0.4275991916656494
371,401,[32.421 67.514 33.437],[32.443 67.933 33.447],0.4196949601173401
372,402,[35.198 69.126 35.513],[34.995 69.266 35.987],0.5343080759048462
373,403,[34.54  72.864 35.791],[34.413 72.997 35.483],0.3587237596511841
374,404,[31.105 72.533 34.101],[30.831 72.701 34.426],0.45708081126213074
375,405,[30.682 76.297 34.431],[29.961 76.422 34.324],0.7395356297492981
376,406,[33.54  76.935 31.999],[32.969 77.002 32.084],0.58116614818573
377,407,[33.245 76.55  28.223],[33.052 76.679 28.299],0.24426577985286713
378,408,[35.811 73.929 27.221],[35.675 74.153 27.294],0.2720312178134918
379,409,[35.684 71.715 24.084],[35.654 71.834 24.276],0.22787165641784668
380,410,[37.853 69.28  26.059],[38.074 69.439 26.065],0.2723226845264435
381,411,[34.842 67.893 27.936],[34.991 68.305 27.94 ],0.43813666701316833
382,412,[34.08  65.829 24.831],[34.381 66.189 24.81 ],0.4697250723838806
383,413,[37.653 64.892 23.922],[38.041 65.468 23.8  ],0.7051308155059814
384,414,[39.878 62.06  25.117],[40.549 62.792 24.98 ],1.0024141073226929
385,415,[43.636 62.168 25.665],[44.28  63.549 25.429],1.541943907737732
386,416,[44.467 61.401 22.04 ],[44.871 63.031 21.688],1.7158122062683105
387,417,[42.228 64.18  20.777],[42.496 65.194 19.733],1.479849934577942
388,418,[39.473 61.929 19.462],[39.8   62.466 19.575],0.6388001441955566
389,419,[35.831 62.717 20.246],[36.084 62.918 20.201],0.3262426555156708
390,420,[34.38  60.997 23.314],[34.848 61.69  23.56 ],0.8716555833816528
391,421,[30.641 60.645 23.9  ],[31.154 60.841 23.915],0.5493707656860352
392,422,[28.884 60.97  27.254],[29.31  61.339 27.219],0.5646772980690002
393,423,[25.703 59.547 28.773],[26.158 59.655 28.458],0.5638399720191956
394,424,[25.5   62.979 30.398],[25.676 62.957 30.36 ],0.18139511346817017
395,425,[24.803 64.666 27.059],[25.08  64.742 27.033],0.2884105443954468
396,426,[21.046 65.221 27.174],[21.28  65.167 27.158],0.24068361520767212
397,427,[20.408 68.676 25.669],[20.392 68.627 25.787],0.12876872718334198
398,428,[17.674 67.001 23.623],[17.708 66.836 23.709],0.1891491562128067
399,429,[16.551 65.25  26.817],[16.616 64.941 26.836],0.3163316249847412
400,430,[16.26  61.455 26.953],[16.367 61.139 26.779],0.37627407908439636
401,431,[13.84  58.54  26.933],[14.106 58.141 26.544],0.6174783110618591
402,432,[10.743 57.799 24.863],[10.774 57.894 24.783],0.12800870835781097
403,433,[10.166 61.557 24.644],[10.121 61.683 24.481],0.2108774036169052
404,434,[13.604 62.573 23.354],[13.587 62.579 23.211],0.14413142204284668
405,435,[13.62  65.407 20.805],[13.581 65.469 20.732],0.10341405123472214
406,436,[12.181 64.433 17.419],[12.113 64.313 17.44 ],0.13951273262500763
407,437,[14.535 66.889 15.752],[14.695 66.493 15.714],0.42879241704940796
408,438,[17.722 65.786 17.505],[17.906 65.366 17.373],0.4771633446216583
409,439,[19.219 64.59  14.226],[19.488 64.38  14.065],0.37733569741249084
410,440,[17.906 67.624 12.368],[18.141 67.378 12.185],0.3863045871257782
411,441,[19.161 70.109 14.957],[19.48  69.806 14.737],0.49190518260002136
412,442,[22.649 68.6   15.137],[22.863 68.049 14.654],0.763335108757019
413,443,[22.78  68.505 11.337],[22.917 68.56  10.893],0.4678995907306671
414,444,[21.929 72.203 11.107],[21.927 72.189 11.159],0.05388883128762245
415,445,[24.329 73.288 13.852],[24.407 73.082 13.851],0.22027571499347687
416,446,[27.262 71.449 12.281],[27.298 71.239 12.241],0.21678490936756134
417,447,[26.649 72.504  8.674],[26.618 72.404  8.646],0.10837294906377792
418,448,[25.587 76.084  9.424],[25.689 76.057  9.415],0.10589558631181717
419,449,[28.525 76.767 11.749],[28.588 76.595 11.837],0.20321419835090637
420,450,[31.135 75.071  9.555],[31.265 74.998  9.587],0.1524876058101654
421,451,[29.807 76.894  6.488],[29.786 76.827  6.615],0.14511415362358093
422,452,[30.261 80.236  8.24 ],[30.029 80.152  8.459],0.32991066575050354
423,453,[33.69  79.465  9.708],[33.603 79.614  9.69 ],0.17347705364227295
424,454,[34.896 78.234  6.318],[34.745 78.313  6.326],0.170606791973114
425,455,[33.897 81.503  4.65 ],[33.636 81.577  4.745],0.2874396741390228
426,456,[34.251 84.123  7.389],[34.128 84.224  7.439],0.1668228656053543
427,457,[36.465 85.207 10.28 ],[36.161 85.231 10.417],0.3343077003955841
428,458,[34.906 86.256 13.582],[34.04  86.692 13.21 ],1.0384773015975952
429,459,[35.877 89.744 14.738],[35.117 90.11  14.407],0.9061526656150818
430,460,[33.876 91.419 17.517],[33.954 91.424 17.744],0.24007828533649445
431,461,[33.424 95.139 18.197],[33.501 95.146 18.259],0.09910618513822556
432,462,[34.991 95.198 21.665],[33.566 95.114 22.107],1.494336724281311
433,463,[37.834 93.038 23.003],[36.879 93.152 22.419],1.1251988410949707
434,464,[37.13  89.25  23.107],[36.751 89.443 23.562],0.6228294372558594
435,465,[38.274 89.192 26.741],[38.188 89.929 27.077],0.8145307898521423
436,466,[35.531 91.616 27.794],[35.319 92.108 28.389],0.8006470203399658
437,467,[32.187 90.483 26.407],[32.081 90.685 26.96 ],0.5982027649879456
438,468,[30.399 88.108 28.775],[29.962 88.464 29.191],0.7005413174629211
439,469,[28.828 84.857 27.567],[28.559 85.118 27.999],0.5719294548034668
440,470,[26.712 84.532 30.722],[26.544 84.224 31.074],0.49698132276535034
441,471,[23.062 83.642 29.933],[23.038 83.075 30.177],0.6177396774291992
442,472,[19.888 85.512 30.828],[20.078 85.388 30.791],0.22987936437129974
443,473,[17.643 82.626 31.737],[17.591 82.949 32.451],0.785384476184845
444,474,[14.03  83.528 31.074],[13.875 83.483 33.126],2.058337688446045
445,475,[12.938 80.575 33.171],[11.969 80.403 34.348],1.5342321395874023
446,476,[11.818 78.313 30.335],[12.829 77.423 32.084],2.207540988922119
447,477,[14.9   78.828 28.172],[14.383 79.489 29.26 ],1.3740253448486328
448,478,[18.329 80.453 28.341],[17.987 80.664 28.911],0.6974128484725952
449,479,[19.045 83.485 26.167],[19.137 82.988 26.153],0.5056386590003967
450,480,[22.501 84.825 25.215],[22.431 84.715 25.383],0.21265898644924164
451,481,[23.294 88.488 25.986],[22.892 88.413 26.05 ],0.4139139950275421
452,482,[22.971 91.017 23.165],[22.738 90.776 23.166],0.3352157771587372
453,483,[26.102 91.383 21.041],[25.864 91.23  21.058],0.28344571590423584
454,484,[27.357 92.404 17.598],[27.018 92.311 17.647],0.3549251854419708
455,485,[30.084 90.907 15.417],[29.708 91.082 15.249],0.4474658966064453
456,486,[31.678 91.355 12.002],[31.054 91.508 11.701],0.7094956040382385
457,487,[31.833 88.729  9.261],[31.341 88.652  9.273],0.49813345074653625
458,488,[35.191 89.141  7.519],[34.682 89.303  7.482],0.5354414582252502
459,489,[35.498 87.077  4.289],[35.207 87.077  4.41 ],0.31515419483184814
460,490,[38.349 84.573  3.95 ],[38.375 84.956  4.378],0.5749359130859375
