aa_2C19,position
M,1
D,2
P,3
F,4
V,5
V,6
L,7
V,8
L,9
C,10
L,11
S,12
C,13
L,14
L,15
L,16
L,17
S,18
I,19
W,20
R,21
Q,22
S,23
S,24
G,25
R,26
G,27
K,28
L,29
P,30
P,31
G,32
P,33
T,34
P,35
L,36
P,37
V,38
I,39
G,40
N,41
I,42
L,43
Q,44
I,45
D,46
I,47
K,48
D,49
V,50
S,51
K,52
S,53
L,54
T,55
N,56
L,57
S,58
K,59
I,60
Y,61
G,62
P,63
V,64
F,65
T,66
L,67
Y,68
F,69
G,70
L,71
E,72
R,73
M,74
V,75
V,76
L,77
H,78
G,79
Y,80
E,81
V,82
V,83
K,84
E,85
A,86
L,87
I,88
D,89
L,90
G,91
E,92
E,93
F,94
S,95
G,96
R,97
G,98
H,99
F,100
P,101
L,102
A,103
E,104
R,105
A,106
N,107
R,108
G,109
F,110
G,111
I,112
V,113
F,114
S,115
N,116
G,117
K,118
R,119
W,120
K,121
E,122
I,123
R,124
R,125
F,126
S,127
L,128
M,129
T,130
L,131
R,132
N,133
F,134
G,135
M,136
G,137
K,138
R,139
S,140
I,141
E,142
D,143
R,144
V,145
Q,146
E,147
E,148
A,149
R,150
C,151
L,152
V,153
E,154
E,155
L,156
R,157
K,158
T,159
K,160
A,161
S,162
P,163
C,164
D,165
P,166
T,167
F,168
I,169
L,170
G,171
C,172
A,173
P,174
C,175
N,176
V,177
I,178
C,179
S,180
I,181
I,182
F,183
Q,184
K,185
R,186
F,187
D,188
Y,189
K,190
D,191
Q,192
Q,193
F,194
L,195
N,196
L,197
M,198
E,199
K,200
L,201
N,202
E,203
N,204
I,205
R,206
I,207
V,208
S,209
T,210
P,211
W,212
I,213
Q,214
I,215
C,216
N,217
N,218
F,219
P,220
T,221
I,222
I,223
D,224
Y,225
F,226
P,227
G,228
T,229
H,230
N,231
K,232
L,233
L,234
K,235
N,236
L,237
A,238
F,239
M,240
E,241
S,242
D,243
I,244
L,245
E,246
K,247
V,248
K,249
E,250
H,251
Q,252
E,253
S,254
M,255
D,256
I,257
N,258
N,259
P,260
R,261
D,262
F,263
I,264
D,265
C,266
F,267
L,268
I,269
K,270
M,271
E,272
K,273
E,274
K,275
Q,276
N,277
Q,278
Q,279
S,280
E,281
F,282
T,283
I,284
E,285
N,286
L,287
V,288
I,289
T,290
A,291
A,292
D,293
L,294
L,295
G,296
A,297
G,298
T,299
E,300
T,301
T,302
S,303
T,304
T,305
L,306
R,307
Y,308
A,309
L,310
L,311
L,312
L,313
L,314
K,315
H,316
P,317
E,318
V,319
T,320
A,321
K,322
V,323
Q,324
E,325
E,326
I,327
E,328
R,329
V,330
I,331
G,332
R,333
N,334
R,335
S,336
P,337
C,338
M,339
Q,340
D,341
R,342
G,343
H,344
M,345
P,346
Y,347
T,348
D,349
A,350
V,351
V,352
H,353
E,354
V,355
Q,356
R,357
Y,358
I,359
D,360
L,361
I,362
P,363
T,364
S,365
L,366
P,367
H,368
A,369
V,370
T,371
C,372
D,373
V,374
K,375
F,376
R,377
N,378
Y,379
L,380
I,381
P,382
K,383
G,384
T,385
T,386
I,387
L,388
T,389
S,390
L,391
T,392
S,393
V,394
L,395
H,396
D,397
N,398
K,399
E,400
F,401
P,402
N,403
P,404
E,405
M,406
F,407
D,408
P,409
R,410
H,411
F,412
L,413
D,414
E,415
G,416
G,417
N,418
F,419
K,420
K,421
S,422
N,423
Y,424
F,425
M,426
P,427
F,428
S,429
A,430
G,431
K,432
R,433
I,434
C,435
V,436
G,437
E,438
G,439
L,440
A,441
R,442
M,443
E,444
L,445
F,446
L,447
F,448
L,449
T,450
F,451
I,452
L,453
Q,454
N,455
F,456
N,457
L,458
K,459
S,460
L,461
I,462
D,463
P,464
K,465
D,466
L,467
D,468
T,469
T,470
P,471
V,472
V,473
N,474
G,475
F,476
A,477
S,478
V,479
P,480
P,481
F,482
Y,483
Q,484
L,485
C,486
F,487
I,488
P,489
V,490
